﻿Luftfeuchte;Regen;Windig;Temperatur;Golf spielen?
hoch;nein;ja;heiß;golf
niedrig;nein;ja;heiß;golf
hoch;nein;ja;kühl;kein golf
niedrig;ja;nein;kühl;kein golf
niedrig;nein;ja;heiß;golf
niedrig;ja;nein;heiß;golf
niedrig;ja;nein;kühl;kein golf
niedrig;nein;ja;kühl;golf
hoch;nein;ja;heiß;golf
niedrig;nein;ja;kühl;golf
niedrig;nein;ja;heiß;golf
niedrig;ja;ja;kühl;kein golf
hoch;nein;ja;heiß;golf
niedrig;nein;ja;kühl;golf
niedrig;ja;ja;heiß;kein golf
hoch;nein;ja;heiß;golf
niedrig;nein;ja;heiß;golf
niedrig;ja;ja;heiß;golf
